{
    "0.0": [
        [
            0,
            5.0095238095238095,
            0.34351788184517024,
            42
        ],
        [
            1,
            3.4285714285714284,
            0.3417641307809165,
            42
        ],
        [
            2,
            1.469047619047619,
            0.1471767567669104,
            42
        ],
        [
            3,
            0.23571428571428568,
            0.10193702204098878,
            42
        ]
    ],
    "1.0": [
        [
            0,
            5.960526315789473,
            0.5086305006088256,
            38
        ],
        [
            1,
            2.807894736842105,
            0.32394084819638586,
            38
        ],
        [
            2,
            4.307894736842104,
            0.422013705781028,
            38
        ],
        [
            3,
            1.3447368421052628,
            0.2009154947013304,
            38
        ]
    ],
    "2.0": [
        [
            0,
            6.519999999999999,
            0.6153048025166064,
            40
        ],
        [
            1,
            2.9475000000000002,
            0.3293838945668109,
            40
        ],
        [
            2,
            5.475,
            0.5242852277148385,
            40
        ],
        [
            3,
            1.9974999999999998,
            0.273393032098479,
            40
        ]
    ]
}