{
    "0.0": [
        [
            0,
            4.9448275862068956,
            0.38018707454724754,
            29
        ],
        [
            1,
            3.4310344827586206,
            0.3592170108442873,
            29
        ],
        [
            3,
            0.2241379310344828,
            0.11034482758620691,
            29
        ]
    ],
    "1.0": [
        [
            0,
            5.996969696969697,
            0.5190228864486459,
            33
        ],
        [
            1,
            2.778787878787879,
            0.3179075296825066,
            33
        ],
        [
            3,
            1.318181818181818,
            0.19299010094655342,
            33
        ]
    ],
    "2.0": [
        [
            0,
            6.623684210526316,
            0.5979941077540708,
            38
        ],
        [
            1,
            2.910526315789474,
            0.2531792309643303,
            38
        ],
        [
            3,
            2.05,
            0.26232763764743544,
            38
        ]
    ],
    "type": "bayes"
}