{
    "0.0": [
        [
            2,
            1.475675675675676,
            0.14219401554557734,
            37
        ],
        [
            1,
            3.4054054054054053,
            0.3144673282096601,
            37
        ],
        [
            3,
            0.24594594594594588,
            0.12859867300940886,
            37
        ]
    ],
    "1.0": [
        [
            2,
            4.33,
            0.469148164229596,
            30
        ],
        [
            1,
            2.8499999999999996,
            0.32429410519876345,
            30
        ],
        [
            3,
            1.3966666666666667,
            0.2183015244004392,
            30
        ]
    ],
    "2.0": [
        [
            2,
            5.6454545454545455,
            0.563587485661712,
            33
        ],
        [
            1,
            2.987878787878788,
            0.3616105185497284,
            33
        ],
        [
            3,
            2.0454545454545454,
            0.2686564879915333,
            33
        ]
    ],
    "type": "bayes"
}