{
    "0.0": [
        [
            3,
            0.22162162162162166,
            0.08741060339889854,
            37
        ],
        [
            2,
            1.408108108108108,
            0.15833317314461412,
            37
        ],
        [
            1,
            3.354054054054054,
            0.25951575965746604,
            37
        ]
    ],
    "1.0": [
        [
            3,
            1.307142857142857,
            0.21535447759544762,
            28
        ],
        [
            2,
            4.157142857142857,
            0.4491488549217854,
            28
        ],
        [
            1,
            2.750000000000001,
            0.31339158526400435,
            28
        ]
    ],
    "2.0": [
        [
            3,
            2.077142857142858,
            0.28594276578735545,
            35
        ],
        [
            2,
            5.434285714285713,
            0.4063375494359741,
            35
        ],
        [
            1,
            3.0314285714285716,
            0.27020778097227177,
            35
        ]
    ],
    "type": "bayes"
}