{
    "0.0": [
        [
            3,
            0.24516129032258066,
            0.10108670719995096,
            31
        ],
        [
            0,
            4.993548387096775,
            0.33305572901007247,
            31
        ],
        [
            2,
            1.4580645161290322,
            0.10402913223611035,
            31
        ]
    ],
    "1.0": [
        [
            3,
            1.3952380952380952,
            0.18381199110113128,
            42
        ],
        [
            0,
            6.092857142857143,
            0.47579149952516825,
            42
        ],
        [
            2,
            4.438095238095238,
            0.3443090949052423,
            42
        ]
    ],
    "2.0": [
        [
            3,
            2.0444444444444447,
            0.2753224820747526,
            27
        ],
        [
            0,
            6.485185185185185,
            0.5169022428558521,
            27
        ],
        [
            2,
            5.385185185185184,
            0.4934412072027492,
            27
        ]
    ],
    "type": "bayes"
}