{
    "0.0": [
        [
            1,
            3.4846153846153847,
            0.34084244163502264,
            39
        ],
        [
            2,
            1.4717948717948717,
            0.1259807025285974,
            39
        ],
        [
            0,
            5.038461538461538,
            0.3725280127931077,
            39
        ]
    ],
    "1.0": [
        [
            1,
            2.824137931034482,
            0.29202641875503627,
            29
        ],
        [
            2,
            4.327586206896552,
            0.3392654862413475,
            29
        ],
        [
            0,
            5.96551724137931,
            0.5460048389762617,
            29
        ]
    ],
    "2.0": [
        [
            1,
            2.9437499999999996,
            0.35083605501715465,
            32
        ],
        [
            2,
            5.3968750000000005,
            0.5015503308492578,
            32
        ],
        [
            0,
            6.36875,
            0.6573799795399917,
            32
        ]
    ],
    "type": "bayes"
}