{
    "0.0": [
        [
            1,
            3.409375,
            0.28323949119958536,
            32
        ],
        [
            0,
            5.040625,
            0.29776183330809874,
            32
        ],
        [
            3,
            0.21562499999999998,
            0.07119241093684074,
            32
        ]
    ],
    "1.0": [
        [
            1,
            2.7828571428571434,
            0.32468509076221114,
            35
        ],
        [
            0,
            5.999999999999999,
            0.5143650732421755,
            35
        ],
        [
            3,
            1.3057142857142854,
            0.19264008949757225,
            35
        ]
    ],
    "2.0": [
        [
            1,
            2.9454545454545453,
            0.22842133993991215,
            33
        ],
        [
            0,
            6.542424242424243,
            0.49176879454789807,
            33
        ],
        [
            3,
            2.0545454545454547,
            0.26525106356386785,
            33
        ]
    ],
    "type": "bayes"
}