{
    "0.0": [
        [
            2,
            1.5029411764705882,
            0.1917186880909678,
            34
        ],
        [
            0,
            5.014705882352941,
            0.3758381636549377,
            34
        ],
        [
            3,
            0.23823529411764705,
            0.1057597329197953,
            34
        ]
    ],
    "1.0": [
        [
            2,
            4.268181818181818,
            0.49118258374917223,
            22
        ],
        [
            0,
            5.936363636363637,
            0.6314092856067395,
            22
        ],
        [
            3,
            1.2818181818181817,
            0.20810042076835628,
            22
        ]
    ],
    "2.0": [
        [
            2,
            5.488636363636363,
            0.5653703167317174,
            44
        ],
        [
            0,
            6.61590909090909,
            0.6650164665829309,
            44
        ],
        [
            3,
            1.9590909090909092,
            0.27986862325203893,
            44
        ]
    ],
    "type": "bayes"
}