{
    "0.0": [
        [
            1,
            3.5447368421052636,
            0.28162813146440635,
            38
        ],
        [
            0,
            5.13157894736842,
            0.24932040594372668,
            38
        ],
        [
            3,
            0.24210526315789477,
            0.09633160640906907,
            38
        ]
    ],
    "1.0": [
        [
            1,
            2.796875,
            0.31373194669175786,
            32
        ],
        [
            0,
            5.959375,
            0.551622252429142,
            32
        ],
        [
            3,
            1.325,
            0.225,
            32
        ]
    ],
    "2.0": [
        [
            1,
            3.01,
            0.35435387209210323,
            30
        ],
        [
            0,
            6.669999999999999,
            0.6314797436709009,
            30
        ],
        [
            3,
            2.05,
            0.24324199198877366,
            30
        ]
    ],
    "type": "bayes"
}