{
    "0.0": [
        [
            2,
            1.4428571428571428,
            0.1337069595062582,
            35
        ],
        [
            3,
            0.2571428571428571,
            0.11028719466067877,
            35
        ],
        [
            1,
            3.4371428571428573,
            0.33044188102402194,
            35
        ]
    ],
    "1.0": [
        [
            2,
            4.3484848484848495,
            0.49120828892005175,
            33
        ],
        [
            3,
            1.375757575757576,
            0.23358899806790018,
            33
        ],
        [
            1,
            2.8121212121212116,
            0.3082281482412464,
            33
        ]
    ],
    "2.0": [
        [
            2,
            5.331250000000001,
            0.4798681459526148,
            32
        ],
        [
            3,
            2.046875,
            0.27611634210057173,
            32
        ],
        [
            1,
            2.95,
            0.3051638903933426,
            32
        ]
    ],
    "type": "bayes"
}