{
    "0.0": [
        [
            2,
            1.4372093023255814,
            0.1312254509736361,
            43
        ],
        [
            3,
            0.2558139534883721,
            0.1299415352995255,
            43
        ],
        [
            0,
            4.948837209302326,
            0.30375333706522234,
            43
        ]
    ],
    "1.0": [
        [
            2,
            4.268,
            0.43333128204642707,
            25
        ],
        [
            3,
            1.3160000000000003,
            0.17362027531368562,
            25
        ],
        [
            0,
            5.896,
            0.5688444427081977,
            25
        ]
    ],
    "2.0": [
        [
            2,
            5.46875,
            0.6410136016497622,
            32
        ],
        [
            3,
            2.0125,
            0.23551804601770962,
            32
        ],
        [
            0,
            6.575,
            0.6412877669190331,
            32
        ]
    ],
    "type": "bayes"
}