{
    "0.0": [
        [
            3,
            0.24000000000000007,
            0.07571877794400367,
            30
        ],
        [
            2,
            1.4466666666666665,
            0.16878651868229547,
            30
        ],
        [
            1,
            3.4233333333333333,
            0.2704112094980943,
            30
        ]
    ],
    "1.0": [
        [
            3,
            1.35625,
            0.1919269066598011,
            32
        ],
        [
            2,
            4.3125,
            0.478767950055139,
            32
        ],
        [
            1,
            2.784375,
            0.3123593433451287,
            32
        ]
    ],
    "2.0": [
        [
            3,
            1.9421052631578943,
            0.2720599575435807,
            38
        ],
        [
            2,
            5.344736842105264,
            0.3944999289047048,
            38
        ],
        [
            1,
            2.8710526315789475,
            0.310269742352345,
            38
        ]
    ],
    "type": "bayes"
}