{
    "0.0": [
        [
            2,
            1.461764705882353,
            0.13064254302654596,
            34
        ],
        [
            1,
            3.4911764705882353,
            0.333755499676056,
            34
        ],
        [
            3,
            0.23529411764705882,
            0.08000865005138495,
            34
        ]
    ],
    "1.0": [
        [
            2,
            4.2823529411764705,
            0.37766355104175353,
            34
        ],
        [
            1,
            2.7558823529411764,
            0.33535861092847374,
            34
        ],
        [
            3,
            1.3235294117647056,
            0.1879593565725936,
            34
        ]
    ],
    "2.0": [
        [
            2,
            5.39375,
            0.5314705424574349,
            32
        ],
        [
            1,
            2.9437499999999996,
            0.3111847321126151,
            32
        ],
        [
            3,
            2.009375,
            0.29086011994599736,
            32
        ]
    ],
    "type": "bayes"
}