{
    "0.0": [
        [
            2,
            1.485294117647059,
            0.1555490332020865,
            34
        ],
        [
            0,
            5.023529411764706,
            0.32904391225757645,
            34
        ],
        [
            1,
            3.447058823529412,
            0.33187107181027126,
            34
        ]
    ],
    "1.0": [
        [
            2,
            4.321428571428572,
            0.4211863710801592,
            28
        ],
        [
            0,
            5.953571428571428,
            0.5888743152691187,
            28
        ],
        [
            1,
            2.8607142857142853,
            0.31206602519600346,
            28
        ]
    ],
    "2.0": [
        [
            2,
            5.5815789473684205,
            0.6008131608858356,
            38
        ],
        [
            0,
            6.636842105263158,
            0.6054233197704593,
            38
        ],
        [
            1,
            2.9026315789473682,
            0.2670371964089048,
            38
        ]
    ],
    "type": "bayes"
}