{
    "0.0": [
        [
            0,
            5.037037037037037,
            0.2830366396228564,
            27
        ],
        [
            2,
            1.5185185185185186,
            0.13618352822852028,
            27
        ],
        [
            1,
            3.3740740740740742,
            0.2318885309999782,
            27
        ]
    ],
    "1.0": [
        [
            0,
            6.038888888888888,
            0.4347909956249591,
            36
        ],
        [
            2,
            4.397222222222222,
            0.30229319019704404,
            36
        ],
        [
            1,
            2.85,
            0.3095695936834451,
            36
        ]
    ],
    "2.0": [
        [
            0,
            6.608108108108108,
            0.6174832871699919,
            37
        ],
        [
            2,
            5.616216216216216,
            0.5117608782368883,
            37
        ],
        [
            1,
            2.9999999999999996,
            0.3287979746107145,
            37
        ]
    ],
    "type": "bayes"
}