{
    "0.0": [
        [
            0,
            5.045238095238095,
            0.2461149372920641,
            42
        ],
        [
            1,
            3.4214285714285713,
            0.29643574288513846,
            42
        ],
        [
            3,
            0.23809523809523805,
            0.11116778599932146,
            42
        ]
    ],
    "1.0": [
        [
            0,
            5.98235294117647,
            0.4494902918766428,
            34
        ],
        [
            1,
            2.8529411764705883,
            0.29429406473762326,
            34
        ],
        [
            3,
            1.3794117647058826,
            0.1711198612681042,
            34
        ]
    ],
    "2.0": [
        [
            0,
            6.425,
            0.6697325336779353,
            24
        ],
        [
            1,
            2.929166666666667,
            0.29506943627258686,
            24
        ],
        [
            3,
            2.025,
            0.3003470215156683,
            24
        ]
    ],
    "type": "bayes"
}