{
    "0.0": [
        [
            0,
            5.037837837837838,
            0.3387986337693435,
            37
        ],
        [
            3,
            0.24864864864864863,
            0.10557851343040328,
            37
        ],
        [
            2,
            1.4864864864864864,
            0.14734068292366498,
            37
        ]
    ],
    "1.0": [
        [
            0,
            6.035294117647059,
            0.5218081419681198,
            34
        ],
        [
            3,
            1.3705882352941177,
            0.2093820203595022,
            34
        ],
        [
            2,
            4.364705882352941,
            0.4418426343109159,
            34
        ]
    ],
    "2.0": [
        [
            0,
            6.644827586206896,
            0.6162098874944297,
            29
        ],
        [
            3,
            2.072413793103448,
            0.2934885907717684,
            29
        ],
        [
            2,
            5.572413793103448,
            0.5545402269069633,
            29
        ]
    ],
    "type": "bayes"
}