{
    "0.0": [
        [
            2,
            1.434782608695652,
            0.14328049611551372,
            46
        ],
        [
            3,
            0.22391304347826085,
            0.09133022407652178,
            46
        ],
        [
            1,
            3.4521739130434774,
            0.3208271445977959,
            46
        ]
    ],
    "1.0": [
        [
            2,
            4.326666666666666,
            0.3501745596445039,
            30
        ],
        [
            3,
            1.3633333333333333,
            0.1834545054108935,
            30
        ],
        [
            1,
            2.876666666666667,
            0.36026225015797714,
            30
        ]
    ],
    "2.0": [
        [
            2,
            5.425,
            0.44182387139371876,
            24
        ],
        [
            3,
            1.9333333333333333,
            0.2527625148017183,
            24
        ],
        [
            1,
            2.9625,
            0.3739568825412897,
            24
        ]
    ],
    "type": "bayes"
}