{
    "0.0": [
        [
            1,
            3.394117647058824,
            0.32079054598672896,
            34
        ],
        [
            2,
            1.4529411764705884,
            0.15191966553111716,
            34
        ],
        [
            3,
            0.23823529411764705,
            0.07675287265117582,
            34
        ]
    ],
    "1.0": [
        [
            1,
            2.8606060606060604,
            0.3383913763671183,
            33
        ],
        [
            2,
            4.290909090909091,
            0.4666863435442361,
            33
        ],
        [
            3,
            1.3636363636363635,
            0.2253861088701461,
            33
        ]
    ],
    "2.0": [
        [
            1,
            2.9272727272727272,
            0.253786748075274,
            33
        ],
        [
            2,
            5.366666666666666,
            0.3714563204197742,
            33
        ],
        [
            3,
            1.9454545454545455,
            0.2965364805509107,
            33
        ]
    ],
    "type": "bayes"
}