{
    "0.0": [
        [
            2,
            1.475675675675676,
            0.16506412415786453,
            37
        ],
        [
            3,
            0.22702702702702698,
            0.10040094930273896,
            37
        ],
        [
            0,
            5.043243243243244,
            0.35224418782962436,
            37
        ]
    ],
    "1.0": [
        [
            2,
            4.339999999999999,
            0.42305014900296234,
            35
        ],
        [
            3,
            1.3257142857142856,
            0.20190925421776862,
            35
        ],
        [
            0,
            5.951428571428571,
            0.49244081795041467,
            35
        ]
    ],
    "2.0": [
        [
            2,
            5.392857142857143,
            0.4861867450069039,
            28
        ],
        [
            3,
            2.007142857142857,
            0.23743957340849514,
            28
        ],
        [
            0,
            6.392857142857143,
            0.5939748500138533,
            28
        ]
    ],
    "type": "bayes"
}