{
    "0.0": [
        [
            3,
            0.20500000000000002,
            0.08930285549745876,
            40
        ],
        [
            2,
            1.4975,
            0.15409007106234976,
            40
        ],
        [
            0,
            5.015,
            0.33656351555092845,
            40
        ]
    ],
    "1.0": [
        [
            3,
            1.3533333333333328,
            0.18926759422104522,
            30
        ],
        [
            2,
            4.370000000000001,
            0.4360045871318329,
            30
        ],
        [
            0,
            5.959999999999999,
            0.541356321350981,
            30
        ]
    ],
    "2.0": [
        [
            3,
            2.066666666666667,
            0.22261077142751995,
            30
        ],
        [
            2,
            5.526666666666667,
            0.5253147204824511,
            30
        ],
        [
            0,
            6.640000000000001,
            0.720462814215048,
            30
        ]
    ],
    "type": "bayes"
}