{
    "0.0": [
        [
            1,
            3.519354838709678,
            0.3613767177807755,
            31
        ],
        [
            3,
            0.2580645161290323,
            0.10708511401740538,
            31
        ],
        [
            2,
            1.506451612903226,
            0.12164327506428906,
            31
        ]
    ],
    "1.0": [
        [
            1,
            2.7827586206896546,
            0.35043713147344824,
            29
        ],
        [
            3,
            1.3275862068965518,
            0.22112026954319167,
            29
        ],
        [
            2,
            4.213793103448276,
            0.4500759613519926,
            29
        ]
    ],
    "2.0": [
        [
            1,
            2.9899999999999998,
            0.32233522922572394,
            40
        ],
        [
            3,
            2.0524999999999998,
            0.2529698598647673,
            40
        ],
        [
            2,
            5.48,
            0.5206726418777925,
            40
        ]
    ],
    "type": "bayes"
}