{
    "0.0": [
        [
            2,
            1.4611111111111112,
            0.1275360031472111,
            36
        ],
        [
            1,
            3.4583333333333335,
            0.3569741665100649,
            36
        ],
        [
            3,
            0.23055555555555557,
            0.0699977953797453,
            36
        ]
    ],
    "1.0": [
        [
            2,
            4.257142857142858,
            0.34992710611188266,
            28
        ],
        [
            1,
            2.742857142857143,
            0.28713930346059685,
            28
        ],
        [
            3,
            1.3214285714285716,
            0.17999433097648787,
            28
        ]
    ],
    "2.0": [
        [
            2,
            5.519444444444445,
            0.4920588517446332,
            36
        ],
        [
            1,
            2.9444444444444446,
            0.35232911101573167,
            36
        ],
        [
            3,
            1.9777777777777779,
            0.27599427440831603,
            36
        ]
    ],
    "type": "bayes"
}