{
    "0.0": [
        [
            0,
            5.016666666666667,
            0.34456091220888985,
            30
        ],
        [
            1,
            3.38,
            0.28913664589601923,
            30
        ],
        [
            3,
            0.23000000000000004,
            0.07810249675906655,
            30
        ]
    ],
    "1.0": [
        [
            0,
            5.906060606060605,
            0.5645805060769074,
            33
        ],
        [
            1,
            2.8,
            0.3104249287084341,
            33
        ],
        [
            3,
            1.33030303030303,
            0.17835077538863228,
            33
        ]
    ],
    "2.0": [
        [
            0,
            6.427027027027027,
            0.564560890665958,
            37
        ],
        [
            1,
            2.924324324324324,
            0.3008145746589519,
            37
        ],
        [
            3,
            1.959459459459459,
            0.2487367646452657,
            37
        ]
    ],
    "type": "bayes"
}