{
    "0.0": [
        [
            3,
            0.24871794871794867,
            0.09301721613957463,
            39
        ],
        [
            2,
            1.4615384615384615,
            0.13323467750529824,
            39
        ],
        [
            0,
            5.061538461538462,
            0.33406231924013025,
            39
        ]
    ],
    "1.0": [
        [
            3,
            1.3066666666666664,
            0.19482185594936613,
            30
        ],
        [
            2,
            4.223333333333334,
            0.3675897471668957,
            30
        ],
        [
            0,
            5.963333333333332,
            0.486815045873573,
            30
        ]
    ],
    "2.0": [
        [
            3,
            1.958064516129032,
            0.2756507766656549,
            31
        ],
        [
            2,
            5.5516129032258075,
            0.6142768986545104,
            31
        ],
        [
            0,
            6.54516129032258,
            0.7038322333447861,
            31
        ]
    ],
    "type": "bayes"
}