{
    "0.0": [
        [
            0,
            4.93125,
            0.23905739373631604,
            32
        ],
        [
            2,
            1.4406249999999998,
            0.11688502630790656,
            32
        ],
        [
            3,
            0.221875,
            0.1082080605823799,
            32
        ]
    ],
    "1.0": [
        [
            0,
            5.924137931034482,
            0.495256932562172,
            29
        ],
        [
            2,
            4.293103448275863,
            0.38768191234635024,
            29
        ],
        [
            3,
            1.324137931034483,
            0.19056209489169793,
            29
        ]
    ],
    "2.0": [
        [
            0,
            6.44871794871795,
            0.5193051545324747,
            39
        ],
        [
            2,
            5.310256410256411,
            0.41620684687062226,
            39
        ],
        [
            3,
            1.9230769230769231,
            0.27499327587260736,
            39
        ]
    ],
    "type": "bayes"
}