{
    "0.0": [
        [
            0,
            5.095121951219513,
            0.308379888870217,
            41
        ],
        [
            1,
            3.4975609756097557,
            0.32869869432023713,
            41
        ],
        [
            3,
            0.2390243902439024,
            0.0907369523792111,
            41
        ]
    ],
    "1.0": [
        [
            0,
            6.042307692307691,
            0.49316331896400983,
            26
        ],
        [
            1,
            2.7884615384615383,
            0.31295972102212855,
            26
        ],
        [
            3,
            1.3269230769230769,
            0.1766301923570005,
            26
        ]
    ],
    "2.0": [
        [
            0,
            6.3969696969696965,
            0.6454901114116398,
            33
        ],
        [
            1,
            2.972727272727273,
            0.33145476154849246,
            33
        ],
        [
            3,
            1.990909090909091,
            0.24040828448846907,
            33
        ]
    ],
    "type": "bayes"
}