{
    "0.0": [
        [
            0,
            4.953333333333332,
            0.4145144415122618,
            30
        ],
        [
            2,
            1.4733333333333334,
            0.18427033281447,
            30
        ],
        [
            3,
            0.2066666666666667,
            0.057348835113617505,
            30
        ]
    ],
    "1.0": [
        [
            0,
            5.955555555555555,
            0.512859329015301,
            36
        ],
        [
            2,
            4.355555555555556,
            0.43233503240763826,
            36
        ],
        [
            3,
            1.3666666666666667,
            0.22360679774997896,
            36
        ]
    ],
    "2.0": [
        [
            0,
            6.385294117647059,
            0.5826573773472388,
            34
        ],
        [
            2,
            5.458823529411766,
            0.5264295087489502,
            34
        ],
        [
            3,
            1.9735294117647058,
            0.24651550903294425,
            34
        ]
    ],
    "type": "bayes"
}