{
    "0.0": [
        [
            3,
            0.2692307692307693,
            0.11357556200179539,
            26
        ],
        [
            0,
            5.06923076923077,
            0.3382866681122466,
            26
        ],
        [
            2,
            1.4346153846153844,
            0.14396128670933,
            26
        ]
    ],
    "1.0": [
        [
            3,
            1.3514285714285714,
            0.193274680289003,
            35
        ],
        [
            0,
            6.028571428571428,
            0.4808156335534315,
            35
        ],
        [
            2,
            4.3828571428571435,
            0.3451589400226381,
            35
        ]
    ],
    "2.0": [
        [
            3,
            1.9999999999999996,
            0.25012817227194245,
            39
        ],
        [
            0,
            6.630769230769231,
            0.5809602334922832,
            39
        ],
        [
            2,
            5.5025641025641026,
            0.46436456692890177,
            39
        ]
    ],
    "type": "bayes"
}