{
    "0.0": [
        [
            1,
            3.375,
            0.2890357532670771,
            24
        ],
        [
            0,
            5.033333333333333,
            0.27638539919628335,
            24
        ],
        [
            2,
            1.4749999999999999,
            0.11636866703140787,
            24
        ]
    ],
    "1.0": [
        [
            1,
            2.8045454545454542,
            0.36178506015598,
            44
        ],
        [
            0,
            5.984090909090909,
            0.583852091254977,
            44
        ],
        [
            2,
            4.331818181818182,
            0.4591359113856887,
            44
        ]
    ],
    "2.0": [
        [
            1,
            2.921875,
            0.27808988542376006,
            32
        ],
        [
            0,
            6.44375,
            0.5673058588627479,
            32
        ],
        [
            2,
            5.340624999999999,
            0.5104283587096234,
            32
        ]
    ],
    "type": "bayes"
}