{
    "0.0": [
        [
            3,
            0.22758620689655176,
            0.07832977028690033,
            29
        ],
        [
            2,
            1.4620689655172407,
            0.162764465120082,
            29
        ],
        [
            0,
            4.917241379310345,
            0.31080425763431035,
            29
        ]
    ],
    "1.0": [
        [
            3,
            1.3487179487179486,
            0.18929260333632564,
            39
        ],
        [
            2,
            4.282051282051282,
            0.3433408972568307,
            39
        ],
        [
            0,
            5.992307692307692,
            0.3957366486301636,
            39
        ]
    ],
    "2.0": [
        [
            3,
            2.034375,
            0.31085504560003524,
            32
        ],
        [
            2,
            5.259375,
            0.39910789189766716,
            32
        ],
        [
            0,
            6.278125,
            0.5671939565748211,
            32
        ]
    ],
    "type": "bayes"
}