{
    "0.0": [
        [
            0,
            5.0075,
            0.2901615929098819,
            40
        ],
        [
            3,
            0.255,
            0.1023474474522936,
            40
        ],
        [
            2,
            1.4525,
            0.14139925742379272,
            40
        ]
    ],
    "1.0": [
        [
            0,
            6.134615384615385,
            0.4480232717962383,
            26
        ],
        [
            3,
            1.3807692307692307,
            0.21307136899176216,
            26
        ],
        [
            2,
            4.38076923076923,
            0.33629111789687727,
            26
        ]
    ],
    "2.0": [
        [
            0,
            6.497058823529412,
            0.5767481324672827,
            34
        ],
        [
            3,
            2.0205882352941176,
            0.2587065243551941,
            34
        ],
        [
            2,
            5.455882352941177,
            0.5505030728506365,
            34
        ]
    ],
    "type": "bayes"
}