{
    "0.0": [
        [
            2,
            1.4656250000000002,
            0.12896068926227094,
            32
        ],
        [
            0,
            5.065625,
            0.39497577061764194,
            32
        ],
        [
            1,
            3.5625,
            0.4484347778663025,
            32
        ]
    ],
    "1.0": [
        [
            2,
            4.263999999999999,
            0.4585891407349285,
            25
        ],
        [
            0,
            5.911999999999999,
            0.5988789527108128,
            25
        ],
        [
            1,
            2.7560000000000002,
            0.3990789395595814,
            25
        ]
    ],
    "2.0": [
        [
            2,
            5.427906976744185,
            0.47755461462677234,
            43
        ],
        [
            0,
            6.455813953488373,
            0.5828168668376169,
            43
        ],
        [
            1,
            2.9093023255813955,
            0.2994677087754919,
            43
        ]
    ],
    "type": "bayes"
}