{
    "0.0": [
        [
            0,
            4.943243243243243,
            0.35224418782962436,
            37
        ],
        [
            2,
            1.4756756756756755,
            0.13234967077508425,
            37
        ],
        [
            3,
            0.19189189189189187,
            0.07489949438135686,
            37
        ]
    ],
    "1.0": [
        [
            0,
            5.913333333333333,
            0.5661173808397767,
            30
        ],
        [
            2,
            4.3100000000000005,
            0.4376832949367233,
            30
        ],
        [
            3,
            1.3233333333333333,
            0.2027861489900684,
            30
        ]
    ],
    "2.0": [
        [
            0,
            6.609090909090909,
            0.6042092936420426,
            33
        ],
        [
            2,
            5.542424242424243,
            0.5354297639649646,
            33
        ],
        [
            3,
            1.9848484848484849,
            0.27537435909906255,
            33
        ]
    ],
    "type": "bayes"
}