{
    "0.0": [
        [
            1,
            3.431034482758621,
            0.31524861374177643,
            29
        ],
        [
            3,
            0.2137931034482759,
            0.08599975112648225,
            29
        ],
        [
            2,
            1.510344827586207,
            0.24260771171500492,
            29
        ]
    ],
    "1.0": [
        [
            1,
            2.8138888888888887,
            0.39239491004866356,
            36
        ],
        [
            3,
            1.3305555555555555,
            0.19410684979104284,
            36
        ],
        [
            2,
            4.291666666666666,
            0.42646805273079963,
            36
        ]
    ],
    "2.0": [
        [
            1,
            2.988571428571429,
            0.4062169923796383,
            35
        ],
        [
            3,
            1.9885714285714284,
            0.3021555215177665,
            35
        ],
        [
            2,
            5.565714285714285,
            0.5064965700873049,
            35
        ]
    ],
    "type": "bayes"
}