{
    "0.0": [
        [
            2,
            1.463157894736842,
            0.13653812390602998,
            38
        ],
        [
            0,
            4.997368421052632,
            0.3542871583641121,
            38
        ],
        [
            3,
            0.22368421052631574,
            0.1201626321771671,
            38
        ]
    ],
    "1.0": [
        [
            2,
            4.372727272727272,
            0.3440161441531729,
            33
        ],
        [
            0,
            6.1484848484848476,
            0.48687078250942595,
            33
        ],
        [
            3,
            1.3484848484848486,
            0.17254110115741528,
            33
        ]
    ],
    "2.0": [
        [
            2,
            5.386206896551724,
            0.4400032428807101,
            29
        ],
        [
            0,
            6.355172413793104,
            0.5739074819687323,
            29
        ],
        [
            3,
            1.9896551724137927,
            0.2708159160837498,
            29
        ]
    ],
    "type": "bayes"
}