{
    "0.0": [
        [
            0,
            5.0566666666666675,
            0.2940332558666716,
            30
        ],
        [
            3,
            0.24333333333333337,
            0.10857664983268217,
            30
        ],
        [
            1,
            3.490000000000001,
            0.26501572280401275,
            30
        ]
    ],
    "1.0": [
        [
            0,
            5.932258064516129,
            0.43283543529598734,
            31
        ],
        [
            3,
            1.3419354838709676,
            0.21368380853779606,
            31
        ],
        [
            1,
            2.796774193548387,
            0.32969572577164474,
            31
        ]
    ],
    "2.0": [
        [
            0,
            6.458974358974359,
            0.49236110821327,
            39
        ],
        [
            3,
            2.0435897435897434,
            0.255999671268691,
            39
        ],
        [
            1,
            3.0000000000000004,
            0.2908872369413698,
            39
        ]
    ],
    "type": "bayes"
}