{
    "0.0": [
        [
            2,
            1.4607142857142856,
            0.08593721011082836,
            28
        ],
        [
            0,
            5.028571428571429,
            0.2670702727977131,
            28
        ],
        [
            1,
            3.3821428571428567,
            0.29405243874978126,
            28
        ]
    ],
    "1.0": [
        [
            2,
            4.196875,
            0.4746606518082156,
            32
        ],
        [
            0,
            5.8531249999999995,
            0.5733587309660506,
            32
        ],
        [
            1,
            2.815625,
            0.33082224740032223,
            32
        ]
    ],
    "2.0": [
        [
            2,
            5.32,
            0.3709447398198282,
            40
        ],
        [
            0,
            6.445000000000002,
            0.47273142480694047,
            40
        ],
        [
            1,
            2.9274999999999998,
            0.24898544134145675,
            40
        ]
    ],
    "type": "bayes"
}