{
    "0.0": [
        [
            0,
            5.091891891891891,
            0.31397915095043477,
            37
        ],
        [
            2,
            1.4675675675675675,
            0.10918383717148196,
            37
        ],
        [
            1,
            3.4540540540540543,
            0.36062602819720924,
            37
        ]
    ],
    "1.0": [
        [
            0,
            5.910344827586206,
            0.4397058794288297,
            29
        ],
        [
            2,
            4.293103448275862,
            0.4076264639667553,
            29
        ],
        [
            1,
            2.8137931034482757,
            0.27633580013309206,
            29
        ]
    ],
    "2.0": [
        [
            0,
            6.670588235294118,
            0.6147832768615705,
            34
        ],
        [
            2,
            5.626470588235295,
            0.533748576815522,
            34
        ],
        [
            1,
            3.023529411764706,
            0.3343640350852309,
            34
        ]
    ],
    "type": "bayes"
}