{
    "0.0": [
        [
            1,
            3.3838709677419363,
            0.26772250220963134,
            31
        ],
        [
            2,
            1.4806451612903226,
            0.1553754139199006,
            31
        ],
        [
            0,
            4.993548387096775,
            0.34448229868935476,
            31
        ]
    ],
    "1.0": [
        [
            1,
            2.838235294117647,
            0.32989722631570556,
            34
        ],
        [
            2,
            4.399999999999999,
            0.44258598367003954,
            34
        ],
        [
            0,
            6.038235294117647,
            0.5335864811555595,
            34
        ]
    ],
    "2.0": [
        [
            1,
            2.965714285714286,
            0.48340628114771234,
            35
        ],
        [
            2,
            5.522857142857143,
            0.5626903306111324,
            35
        ],
        [
            0,
            6.725714285714287,
            0.6491061357822804,
            35
        ]
    ],
    "type": "bayes"
}