{
    "0.0": [
        [
            0,
            4.9314285714285715,
            0.33786846855073116,
            35
        ],
        [
            3,
            0.20285714285714285,
            0.0608779307218929,
            35
        ],
        [
            2,
            1.4142857142857144,
            0.12681337726384084,
            35
        ]
    ],
    "1.0": [
        [
            0,
            5.970967741935484,
            0.48936664029829063,
            31
        ],
        [
            3,
            1.3483870967741935,
            0.20614897172478006,
            31
        ],
        [
            2,
            4.290322580645161,
            0.4121969766442139,
            31
        ]
    ],
    "2.0": [
        [
            0,
            6.570588235294117,
            0.6152614995290768,
            34
        ],
        [
            3,
            2.0323529411764705,
            0.24937638483801722,
            34
        ],
        [
            2,
            5.450000000000001,
            0.48461628240956844,
            34
        ]
    ],
    "type": "bayes"
}