{
    "0.0": [
        [
            2,
            1.4454545454545455,
            0.15193880165723242,
            33
        ],
        [
            3,
            0.2181818181818182,
            0.06721537276611769,
            33
        ],
        [
            0,
            4.942424242424242,
            0.32662674743440356,
            33
        ]
    ],
    "1.0": [
        [
            2,
            4.245454545454544,
            0.40082559427361103,
            33
        ],
        [
            3,
            1.3060606060606064,
            0.2201093308767864,
            33
        ],
        [
            0,
            5.884848484848485,
            0.4257764473332983,
            33
        ]
    ],
    "2.0": [
        [
            2,
            5.470588235294118,
            0.5853754007998557,
            34
        ],
        [
            3,
            1.95,
            0.21861865804880154,
            34
        ],
        [
            0,
            6.473529411764706,
            0.6861267347901346,
            34
        ]
    ],
    "type": "bayes"
}