{
    "0.0": [
        [
            3,
            0.23333333333333328,
            0.10459527207369816,
            39
        ],
        [
            1,
            3.4538461538461545,
            0.32252700451133276,
            39
        ],
        [
            2,
            1.4923076923076921,
            0.15423028965971863,
            39
        ]
    ],
    "1.0": [
        [
            3,
            1.2999999999999998,
            0.18670067717376618,
            35
        ],
        [
            1,
            2.782857142857143,
            0.3541474384536267,
            35
        ],
        [
            2,
            4.182857142857142,
            0.4272742272898314,
            35
        ]
    ],
    "2.0": [
        [
            3,
            2.0346153846153845,
            0.30120566407523924,
            26
        ],
        [
            1,
            2.9538461538461536,
            0.3835369496097818,
            26
        ],
        [
            2,
            5.661538461538461,
            0.5313820319744784,
            26
        ]
    ],
    "type": "bayes"
}