{
    "0.0": [
        [
            1,
            3.402941176470588,
            0.31010936791590826,
            34
        ],
        [
            0,
            4.976470588235294,
            0.35401796525484885,
            34
        ],
        [
            3,
            0.23529411764705882,
            0.09665692191267637,
            34
        ]
    ],
    "1.0": [
        [
            1,
            2.8294117647058825,
            0.3560646105981543,
            34
        ],
        [
            0,
            6.123529411764705,
            0.6159921807799243,
            34
        ],
        [
            3,
            1.3852941176470586,
            0.19117647058823528,
            34
        ]
    ],
    "2.0": [
        [
            1,
            3.0625,
            0.38222212128551636,
            32
        ],
        [
            0,
            6.684375,
            0.7665300772800765,
            32
        ],
        [
            3,
            2.046875,
            0.2573717823985372,
            32
        ]
    ],
    "type": "bayes"
}