{
    "0.0": [
        [
            1,
            3.4878787878787887,
            0.4110279617101758,
            33
        ],
        [
            0,
            5.0242424242424235,
            0.3946846098221803,
            33
        ],
        [
            2,
            1.493939393939394,
            0.1575174717377821,
            33
        ]
    ],
    "1.0": [
        [
            1,
            2.7925925925925927,
            0.2892210815608095,
            27
        ],
        [
            0,
            5.974074074074075,
            0.44019574147114127,
            27
        ],
        [
            2,
            4.351851851851852,
            0.3675447771868231,
            27
        ]
    ],
    "2.0": [
        [
            1,
            2.9525,
            0.299155060127687,
            40
        ],
        [
            0,
            6.4575000000000005,
            0.4247867111857432,
            40
        ],
        [
            2,
            5.397499999999999,
            0.3863207863938984,
            40
        ]
    ],
    "type": "bayes"
}