{
    "0.0": [
        [
            3,
            0.2513513513513513,
            0.1081081081081081,
            37
        ],
        [
            0,
            4.97027027027027,
            0.34316875122721463,
            37
        ],
        [
            2,
            1.4567567567567568,
            0.1619818817705048,
            37
        ]
    ],
    "1.0": [
        [
            3,
            1.3575757575757574,
            0.18427631267285785,
            33
        ],
        [
            0,
            5.960606060606061,
            0.4585480338603672,
            33
        ],
        [
            2,
            4.333333333333334,
            0.3858612300930075,
            33
        ]
    ],
    "2.0": [
        [
            3,
            1.9899999999999993,
            0.24406283343980634,
            30
        ],
        [
            0,
            6.463333333333334,
            0.5224833862324131,
            30
        ],
        [
            2,
            5.463333333333334,
            0.47292235679396216,
            30
        ]
    ],
    "type": "bayes"
}