{
    "0.0": [
        [
            2,
            1.5085714285714287,
            0.15188610125716587,
            35
        ],
        [
            1,
            3.4771428571428573,
            0.2726438957276524,
            35
        ],
        [
            3,
            0.2714285714285714,
            0.14055284429998677,
            35
        ]
    ],
    "1.0": [
        [
            2,
            4.2846153846153845,
            0.3948634697757108,
            26
        ],
        [
            1,
            2.8230769230769233,
            0.37035086514494525,
            26
        ],
        [
            3,
            1.3538461538461537,
            0.2405614734017214,
            26
        ]
    ],
    "2.0": [
        [
            2,
            5.543589743589744,
            0.5790331781800312,
            39
        ],
        [
            1,
            3.092307692307692,
            0.4047060442451047,
            39
        ],
        [
            3,
            1.9769230769230768,
            0.26356679536941247,
            39
        ]
    ],
    "type": "bayes"
}