{
    "0.0": [
        [
            2,
            1.4371428571428568,
            0.14359807855004642,
            35
        ],
        [
            3,
            0.2,
            0.07171371656006362,
            35
        ],
        [
            1,
            3.3685714285714288,
            0.3762760601863846,
            35
        ]
    ],
    "1.0": [
        [
            2,
            4.26,
            0.5329165037789692,
            25
        ],
        [
            3,
            1.3,
            0.2349468024894146,
            25
        ],
        [
            1,
            2.644,
            0.3837499185667666,
            25
        ]
    ],
    "2.0": [
        [
            2,
            5.4575000000000005,
            0.44152434813948827,
            40
        ],
        [
            3,
            1.9675,
            0.27421478807679206,
            40
        ],
        [
            1,
            2.95,
            0.34423828956117003,
            40
        ]
    ],
    "type": "bayes"
}