{
    "0.0": [
        [
            0,
            5.051724137931035,
            0.2724356167600508,
            29
        ],
        [
            3,
            0.2344827586206897,
            0.09922410048233211,
            29
        ],
        [
            1,
            3.451724137931035,
            0.31799012092133805,
            29
        ]
    ],
    "1.0": [
        [
            0,
            6.02,
            0.5166559138666017,
            30
        ],
        [
            3,
            1.3333333333333333,
            0.2022100118413747,
            30
        ],
        [
            1,
            2.8299999999999996,
            0.29228981051917174,
            30
        ]
    ],
    "2.0": [
        [
            0,
            6.509756097560975,
            0.7814323552793638,
            41
        ],
        [
            3,
            1.992682926829268,
            0.30634767742648933,
            41
        ],
        [
            1,
            2.9414634146341463,
            0.37739518638993197,
            41
        ]
    ],
    "type": "bayes"
}