{
    "0.0": [
        [
            0,
            5.045945945945946,
            0.30098450583682035,
            37
        ],
        [
            2,
            1.4486486486486485,
            0.1481810828310573,
            37
        ],
        [
            1,
            3.437837837837838,
            0.3551561143994637,
            37
        ]
    ],
    "1.0": [
        [
            0,
            5.881818181818182,
            0.4041111049253249,
            22
        ],
        [
            2,
            4.368181818181818,
            0.3900889917539373,
            22
        ],
        [
            1,
            2.7818181818181817,
            0.3084217355215886,
            22
        ]
    ],
    "2.0": [
        [
            0,
            6.680487804878048,
            0.6428668686648028,
            41
        ],
        [
            2,
            5.578048780487805,
            0.4931294764534902,
            41
        ],
        [
            1,
            2.9512195121951215,
            0.32015388923142246,
            41
        ]
    ],
    "type": "bayes"
}