{
    "0.0": [
        [
            0,
            5.066666666666667,
            0.30368111930480995,
            30
        ],
        [
            1,
            3.42,
            0.3496665077851562,
            30
        ],
        [
            2,
            1.4633333333333332,
            0.1448754254140049,
            30
        ]
    ],
    "1.0": [
        [
            0,
            5.842424242424243,
            0.4780200978596605,
            33
        ],
        [
            1,
            2.748484848484849,
            0.360236632768814,
            33
        ],
        [
            2,
            4.278787878787878,
            0.39524259965285746,
            33
        ]
    ],
    "2.0": [
        [
            0,
            6.437837837837837,
            0.5399456185586938,
            37
        ],
        [
            1,
            2.8837837837837834,
            0.22482847938470726,
            37
        ],
        [
            2,
            5.445945945945946,
            0.5059615382212765,
            37
        ]
    ],
    "type": "bayes"
}